<?xml version="1.0"?>
<tei xml:space="preserve">
	<teiHeader>
		<fileDesc xml:id="0" />
	</teiHeader>
	<text xml:lang="en">

		<head>CORAM:		
			HON'BLE MR. JUSTICE VINOD GOEL
			 R D E R
		18.12.2018</head>

		<p>CM No.53435/2018 (for exemption)</p>
		<p>
			1. Allowed, subject to all just exceptions.
			<lb />
		</p>
		<p>
			No. 53434/2018 (for stay)
			<lb />
		</p>

		<p>
			2. A short affidavit of Sh. Subhash Chand, SDM (Seemapuri),
			<lb />
			Delhi along with demarcation report dated 13.03.2018 has been filed.
			<lb />
			The Report records 'Khasra Nos. 976, 977, 978 &amp; 979 are falling on
			<lb />
			Eastern side, more than 100 meters away from the Concerned
			<lb />
			property/Land in Question'. It is, thus, evident that the land consisting
			<lb />
			of Khasra Nos. 976, 977, 978 &amp; 979, which DDA claimed to be its
			<lb />
			property, is 100 meters away from the property in question.
			<lb />
		</p>
		<p>
			3.In these circumstances, since the demarcation has already been
			<lb />
			carried out, learned counsel for the petitioner does not press this
			<lb />
			petition and seeks liberty to take appropriate action as per law.
			<lb />
		</p>


		<p>
			4. The petition and all pending applications are dismissed as
			<lb />
			withdrawn with such liberty.
			<lb />
		</p>

		<p>
			5. Next date of hearing i.e. 3.5.2019 stands cancelled.
			<lb />
		</p>

		<p>
			VINOD GOEL, J.
			<lb />
			DECEMBER 18, 2018
			<lb />
			"shailendra"
		</p>


	</text>
</tei>