{"content": "Even as per the admission of the appellant/tenant he had been depositing rent under Section 27 of Delhi Rent Control Act in favour of the respondent/plaintiff which is sufficient to show her right and interest in the tenanted premises ", "annotation": [{"label": ["Act"], "points": [{"text": "Section 27 of Delhi Rent Control Act", "start": 84, "end": 119}]}]}
{"content": "The landlord was required to serve a notice under Section 106 of the Transfer of Property Act which requirement has been duly complied with in this case ", "annotation": [{"label": ["Act"], "points": [{"text": "Section 106 of the Transfer of Property Act", "start": 50, "end": 92}]}]}
{"content": "The Trial Court held that the suit is not barred by Section 115 of the Indian Evidence Act, 1872 ", "annotation": [{"label": ["Act"], "points": [{"text": "Section 115 of the Indian Evidence Act, 1872", "start": 52, "end": 95}]}]}
{"content": "I may in this context notice that entirely different set of law applies to interference under Section 34 of the Arbitration and Conciliation Act, 1996 with the arbitral awards and merely because the Court ", "annotation": [{"label": ["Act"], "points": [{"text": "Section 34 of the Arbitration and Conciliation Act, 1996", "start": 94, "end": 149}]}]}
{"content": "Whether a reference under Section 57 of the Stamp Act, 1899 can be made by the CCRA “in abstract” or has to be necessarily in the context of stamp duty on a document/instrument chargeable to stamp duty ", "annotation": [{"label": ["Act"], "points": [{"text": "Section 57 of the Stamp Act, 1899", "start": 26, "end": 58}]}]}
{"content": "The Demerged Company was originally incorporated with Sections 100 to 103 of the Companies Act, 1956 ", "annotation": [{"label": ["Act"], "points": [{"text": "Sections 100 to 103 of the Companies Act, 1956", "start": 54, "end": 99}]}]}
{"content": "That this Hon’ble Court has the necessary territorial jurisdiction to entertain and try this Suit by virtue of Section 134 of the Trade Marks Act as the plaintiff No.3 has a physical place of business in Delhi from where it carries on business for profit and gain ", "annotation": [{"label": ["Act"], "points": [{"text": "Section 134 of the Trade Marks Act", "start": 107, "end": 140}]}]}
{"content": "The brief facts as alleged in the complaints filed under Section 138 of the Negotiable Instruments Act, 1881 by the respondent/complainant-Bank are that the petitioner had availed ", "annotation": [{"label": ["Act"], "points": [{"text": "Section 138 of the Negotiable Instruments Act, 1881", "start": 57, "end": 107}]}]}
{"content": "Consequently, the respondent/complainant-Bank filed separate complaint cases under Section 138 of NI Act before the Court of Chief Metropolitan Magistrate, Delhi against the petitioner ", "annotation": [{"label": ["Act"], "points": [{"text": "Section 138 of NI Act", "start": 83, "end": 103}]}]}
{"content": "Per contra learned APP for the State submits that common intention can be formed at the spur of moment to attract Section 34 IPC ", "annotation": [{"label": ["Act"], "points": [{"text": "Section 34 IPC", "start": 114, "end": 127}]}]}
{"content": "On the basis of the aforesaid statement, FIR No. 205/2011 (Ex. PW-1/B) was lodged for the offences punishable under Sections 25/27/54 of Arms Act, 1959 ", "annotation": [{"label": ["Act"], "points": [{"text": "Sections 25/27/54 of Arms Act, 1959", "start": 116, "end": 150}]}]}
{"content": "This is a petition filed under Section 15 (2) of the Arbitration and Conciliation Act, 1996 (hereafter 'the Act') for appointment of an arbitrator in place of Justice S.K. Mahajan (Retired) who has since expired on 23.09.2016 ", "annotation": [{"label": ["Act"], "points": [{"text": "Section 15 (2) of the Arbitration and Conciliation Act, 1996", "start": 31, "end": 90}]}]}
{"content": "The plaintiff is entitled to copyright protection under the provisions of Section 14 of the Copyright Act, 1957 ", "annotation": [{"label": ["Act"], "points": [{"text": "Section 14 of the Copyright Act, 1957", "start": 74, "end": 110}]}]}
{"content": "A voidable document is valid unless it is sought to be got cancelled under Section 31 of the Specific Relief Act, 1963 or by filing of an appropriate suit, and that too within the period of limitation ", "annotation": [{"label": ["Act"], "points": [{"text": "Section 31 of the Specific Relief Act, 1963", "start": 75, "end": 117}]}]}
{"content": "The Trial Court held that the suit is not barred by Section 115 of the Indian Evidence Act, 1872 ", "annotation": [{"label": ["Act"], "points": [{"text": "Section 115 of the Indian Evidence Act, 1872", "start": 52, "end": 95}]}]}
{"content": "Challenge in this appeal is to the order dated 24.09.2018 passed by the Family Court, by which a petition under Section 9 of the Hindu Marriage Act seeking restitution of conjugal rights has been rejected on the ground of territorial jurisdiction ", "annotation": [{"label": ["Act"], "points": [{"text": "Section 9 of the Hindu Marriage Act", "start": 112, "end": 146}]}]}
{"content": "The present is a Second Motion Petition filed jointly by the following Companies under Sections 391(2) & 394 of the Companies Act, 1956 (hereafter referred to as “the Act”) ", "annotation": [{"label": ["Act"], "points": [{"text": "Sections 391(2) & 394 of the Companies Act, 1956", "start": 87, "end": 134}]}]}
{"content": "In other words, PW-2 denied having been present and actually witnessing the occurrence although in his statement under Section 161 Cr Pc ", "annotation": [{"label": ["Act"], "points": [{"text": "Section 161 Cr Pc", "start": 119, "end": 135}]}]}
{"content": "The above set of directions clearly manifest that in fact the learned Single Judge by the order dated 23rd May, 2014 granted extension of time within which the ex-directors were to file their statement of affairs in accordance with Section 454 of the Companies Act ", "annotation": [{"label": ["Act"], "points": [{"text": "Section 454 of the Companies Act", "start": 232, "end": 263}]}]}
{"content": "In support, the assessee also urged that the original assessment was done under Section 143(3) of the Income Tax Act, 1961 (hereinafter referred to as “the Act”) ", "annotation": [{"label": ["Act"], "points": [{"text": "Section 143(3) of the Income Tax Act, 1961", "start": 80, "end": 121}]}]}
{"content": "During the course of execution, an application under Order 21 Rule 26 CPC was also moved by the appellant/defendant along with an application under Section 5 of the Limitation Act ", "annotation": [{"label": ["Act"], "points": [{"text": "Section 5 of the Limitation Act", "start": 148, "end": 178}]}]}
{"content": "The appellant Dharambir stands convicted, vide judgment dated 21st March, 2017, passed by the learned Special Judge (NDPS), Dwarka, of having committed the offence punishable under Section 18(b) of the Narcotic Drugs and Psychotropic Substances Act, 1985 (hereinafter referred to as the “NDPS Act”), as he was found to have been in possession of 30 kilos of opium ", "annotation": [{"label": ["Act"], "points": [{"text": "Section 18(b) of the Narcotic Drugs and Psychotropic Substances Act, 1985", "start": 181, "end": 253}]}]}
{"content": "The appellant – Ashok Kumar impugns a judgment dated 30.01.2017 of learned Addl. Sessions Judge in Sessions Case No.8967/2016 arising out of FIR No.136/2014 PS Delhi Cantt. by which he was held guilty for committing offences punishable under Section 376 IPC and Section 6 Protection of Children from Sexual Offences Act (in short ‘POCSO Act,) ", "annotation": [{"label": ["Act"], "points": [{"text": "Section 376 IPC", "start": 242, "end": 256}]}, {"label": ["Act"], "points": [{"text": "Section 6 Protection of Children from Sexual Offences Act", "start": 262, "end": 318}]}]}
{"content": "Learned counsel for the appellant submits that Section 140 of the Motor Vehicles Act empowers the Claims Tribunal to award Rs.25,000/- in respect of permanent disablement ", "annotation": [{"label": ["Act"], "points": [{"text": "Section 140 of the Motor Vehicles Act", "start": 47, "end": 83}]}]}
{"content": "In all the petitions the benefit of section 24(2) of The Right to Fair Compensation and Transparency in Land Acquisition, Rehabilitation and Resettlement Act, 2013 (hereinafter referred to as „the 2013 Act‟) has been sought ", "annotation": [{"label": ["Act"], "points": [{"text": "section 24(2) of The Right to Fair Compensation and Transparency in Land Acquisition, Rehabilitation and Resettlement Act, 2013", "start": 36, "end": 162}]}]}
{"content": "He alleges that forgery had been committed by creation of certain cheques purportedly having been issued by him leading to the said notice of demand and the prosecution under Section 138 of the N.I. Act this aside from the offences of cheating and use of forged documents, as per his case, in complicity with certain officials of the Union Bank of India, Model Town ", "annotation": [{"label": ["Act"], "points": [{"text": "Section 138 of the N.I. Act", "start": 175, "end": 201}]}]}
{"content": "However, the information sought by it was denied under of the Section 8 (1) (d) RTI Act, 2005 ", "annotation": [{"label": ["Act"], "points": [{"text": "Section 8 (1) (d) RTI Act, 2005", "start": 62, "end": 92}]}]}
{"content": "Petitioner seeks regular bail in FIR No.319/2016 under Sections 186/353/307/395/397/398/511/34 IPC and Sections 25/27/54/59 Arms Act Police Station Pul Prahlad Pur ", "annotation": [{"label": ["Act"], "points": [{"text": "Sections 186/353/307/395/397/398/511/34 IPC", "start": 55, "end": 97}]}, {"label": ["Act"], "points": [{"text": "Sections 25/27/54/59 Arms Act", "start": 103, "end": 131}]}]}
{"content": "It was inter alia reasoned, (i) that Section 48 of the Patents Act, 1970 grants exclusive right to a patentee to prevent third parties who do not have his consent, from undertaking the making, using, offering for sale, selling etc ", "annotation": [{"label": ["Act"], "points": [{"text": "Section 48 of the Patents Act, 1970", "start": 37, "end": 71}]}]}
{"content": "The same would be contrary to Section 12 of the Adoption Act providing for the adopted child, from the date of adoption being deemed to be the child of adoptive parents ", "annotation": [{"label": ["Act"], "points": [{"text": "Section 12 of the Adoption Act", "start": 30, "end": 59}]}]}
{"content": "The present petition was filed primarily to seek transfer of the investigation of case FIR no. 382/2016 registered on 23.10.2016 in police station Geeta Colony under Sections 302, 34 IPC and Sections 25 and 27 of the Arms Act concerning the homicidal death of Vinod Kumar Sharma, the petitioner being his wife ", "annotation": [{"label": ["Act"], "points": [{"text": "Sections 302, 34 IPC", "start": 166, "end": 185}]}, {"label": ["Act"], "points": [{"text": "Sections 25 and 27 of the Arms Act", "start": 191, "end": 224}]}]}
{"content": "Petitioner’s counsel points out that as per affidavit of 16th November, 2009 of respondent-School, it is undertaken that the salary, allowance etc. are to be given as per Section 10 of the Delhi School Education Act and Rules, 1973 ", "annotation": [{"label": ["Act"], "points": [{"text": "Section 10 of the Delhi School Education Act and Rules, 1973", "start": 171, "end": 230}]}]}
{"content": "These appeals by the Revenue under Section 260A of the Income Tax Act, 1961 (‘Act’) are directed against the impugned orders passed by the Income Tax Appellate Tribunal (‘ITAT’) ", "annotation": [{"label": ["Act"], "points": [{"text": "Section 260A of the Income Tax Act, 1961", "start": 35, "end": 74}]}]}
{"content": "By the three appeals, appellants challenge the impugned judgment dated 23rd May, 2017 whereby they have been convicted for offences punishable under Sections 307/34 IPC and Section 3 of The Prevention of Damage of Public Property Act, 1984 (in short the PDPP Act) read with Section 34 IPC ", "annotation": [{"label": ["Act"], "points": [{"text": "Sections 307/34 IPC", "start": 149, "end": 167}]}, {"label": ["Act"], "points": [{"text": "Section 3 of The Prevention of Damage of Public Property Act, 1984", "start": 173, "end": 238}]}, {"label": ["Act"], "points": [{"text": "Section 34 IPC", "start": 274, "end": 287}]}]}
{"content": "They cannot be recognized as deeds of title, except to the limited extent of Section 53A of the TP Act ", "annotation": [{"label": ["Act"], "points": [{"text": "Section 53A of the TP Act", "start": 77, "end": 101}]}]}
{"content": "In the light of the aforesaid, this Court is of the view that notwithstanding the fact the offence under Section 498A IPC is a non_x0002_compoundable offence, there should be no impediment in quashing the FIR under this section, if the Court is otherwise satisfied that the facts and circumstances of the case so warrant ", "annotation": [{"label": ["Act"], "points": [{"text": "Section 498A IPC", "start": 105, "end": 120}]}]}
{"content": "FDCI had applied for exemption under the provisions of Section 14 of the Act . Payment is received from such concerns not only as sponsors but also as event organizer/ proprietor, who are covered under Section 2(o) of the Entertainment Tax Act ", "annotation": [{"label": ["Act"], "points": [{"text": "Section 14 of the Act", "start": 55, "end": 75}]}, {"label": ["Act"], "points": [{"text": "Section 2(o) of the Entertainment Tax Act", "start": 202, "end": 242}]}]}
{"content": "The Commissioner gave liberty to the appellant to recover the amount from respondent no.2 or any other person liable according to the appellant by invoking Sections 12 and 13 of the Employee‟ Compensation Act ", "annotation": [{"label": ["Act"], "points": [{"text": "Sections 12 and 13 of the Employee‟ Compensation Act", "start": 156, "end": 208}]}]}
{"content": "It was submitted that Section 2(1) (n) of the Workmen‟ Compensation Act, 1923 was amended by Workmen‟ Compensation (Amendment) Act,with effect from 8 th December, 2000 whereby the words “other  with effect from 8 th December ", "annotation": [{"label": ["Act"], "points": [{"text": "Section 2(1) (n) of the Workmen‟ Compensation Act, 1923 was amended by Workmen‟ Compensation (Amendment) Act,with effect from 8 th December, 2000 whereby the words “other", "start": 22, "end": 193}]}]}
{"content": "Learned counsel for respondent no.1 urged at the time of the hearing that respondent no.1 was an “employee” within the meaning of Section 2(1)(dd) of the Employees‟ Compensation Act ", "annotation": [{"label": ["Act"], "points": [{"text": "Section 2(1)(dd) of the Employees‟ Compensation Act", "start": 130, "end": 180}]}]}
{"content": "In Ajay Singh Lal v. Somwati (supra), the owner of a residential house was exonerated from the liability under Section 12 of the Act on the ground that the construction work was ordinarily not part of the ‗trade or business‘ of the owner ", "annotation": [{"label": ["Act"], "points": [{"text": "Section 12 of the Act on the ground that the construction work was ordinarily not part of the ‗trade or business‘ of the owner", "start": 111, "end": 236}]}]}
{"content": "In Om Parkash Batish v. Ranjit (supra), the Supreme Court dealt with the question as to whether a casual employee would be a ―workman‖ within the meaning of Section 2(n) of the Workmen‟ Compensation Act, 1923 in respect of an accident dated 30 th June, 1996 ", "annotation": [{"label": ["Act"], "points": [{"text": "Section 2(n) of the Workmen‟ Compensation Act, 1923", "start": 157, "end": 208}]}]}
{"content": "It was submitted on behalf of the appellant that the appellant was the owner of the building but he was not an employer as defined in ection 2(1) (i) of BOCW Act ", "annotation": [{"label": ["Act"], "points": [{"text": "ection 2(1) (i) of BOCW Act", "start": 134, "end": 160}]}]}
{"content": "Section 2 (1) (n) of the Workmen‟ Compensation Act, 1923 was amended by Workmen‟ Compensation (Amendment) Act, 2000 with effect from 8 th December, 2000 whereby the words “other than a person whose employment is of a casual nature and who is employed otherwise than for the purposes of the employer‘s trade or business” in the definition of ‗workman‘ in Section 2(1) (n) were omitted ", "annotation": [{"label": ["Act"], "points": [{"text": "Section 2 (1) (n) of the Workmen‟ Compensation Act, 1923", "start": 0, "end": 56}]}]}
{"content": "The appellant is liable to pay the compensation to respondent no.1 under Section 45 of the Employee‟ Compensation Act as the contractor has failed to make the payment of the compensation when it fell due . Whether the Director of Education has the authority to regulate the quantum of fees charged by unaided schools under Section 17(3) of the Delhi School Education Act, 1973 ", "annotation": [{"label": ["Act"], "points": [{"text": "Section 45 of the Employee‟ Compensation Act", "start": 73, "end": 117}]}, {"label": ["Act"], "points": [{"text": "Section 17(3) of the Delhi School Education Act, 1973", "start": 324, "end": 376}]}, {"label": [""], "points": [{"text": ".", "start": 205, "end": 205}]}]}
{"content": "The submission of Mr. Sunil Gupta, learned Senior Counsel appearing for the petitioner, is that such harmonization is possible only if the requirement of “prior approval”, contemplated by Clause 16 of the terms of allotment of the land, is dovetailed into Section 17(3) of the DSE Act ", "annotation": [{"label": ["Act"], "points": [{"text": "Section 17(3) of the DSE Act", "start": 256, "end": 283}]}]}
{"content": "Mr. Singh also sought to place reliance on Section 4(4) of the DSE Act ", "annotation": [{"label": ["Act"], "points": [{"text": "Section 4(4) of the DSE Act", "start": 43, "end": 69}]}]}
{"content": "This batch of writ petitions challenge the vires of the second explanation to Section 2(m) of the Delhi Entertainment and Betting Tax Act (“DEBT Act” or “the Act”), introduced with retrospective effect from 01.04.1998 by amendment (Notification No. F.14(9)/LA- 2012 /CONS 2 LAWW/148 hereafter “impugned notification” or “impugned amendment”) dated 01.10.2012 ", "annotation": [{"label": ["Act"], "points": [{"text": "Section 2(m) of the Delhi Entertainment and Betting Tax Act", "start": 78, "end": 136}]}]}
{"content": "This Regular Second Appeal is filed under Section 100 of the Code of Civil Procedure, 1908 CPC) by the defendants in the suit, impugning the judgment of the First Appellate Court dated 16.8.2016 ", "annotation": [{"label": ["Act"], "points": [{"text": "Section 100 of the Code of Civil Procedure, 1908", "start": 42, "end": 89}]}]}
{"content": "This is a petition filed under Section 15 (2) of the Arbitration and Conciliation Act, 1996 (hereafter 'the Act') for appointment of an arbitrator in place of Justice S.K. Mahajan (Retired) who has since expired on 23.09.2016 ", "annotation": [{"label": ["Act"], "points": [{"text": "Section 15 (2) of the Arbitration and Conciliation Act, 1996", "start": 31, "end": 90}]}]}
{"content": "A raid was conducted on 27th March 2012 by the DSP, Gurgaon on the complaint of one Shri Bishan Singh, a jeep owner ferrying passengers between Sohna and Gurgaon for demand of bribe. FIR No.9 dated 27th March 2012 was registered at the Police Station State Vigilance Bureau, Gurgaon under Sections 7, 13 of the Prevention of Corruption Act ", "annotation": [{"label": ["Act"], "points": [{"text": "Sections 7, 13 of the Prevention of Corruption Act", "start": 289, "end": 338}]}]}
{"content": "The Additional Rent Controller, by his order dated 28.11.2017 on the petition (E-82A/17/2016) of the respondent/non-applicant had issued an eviction order against the applicant under Section 14 (1) (e) of Delhi Rent Control Act, 1958 ", "annotation": [{"label": ["Act"], "points": [{"text": "Section 14 (1) (e) of Delhi Rent Control Act, 1958", "start": 183, "end": 232}]}]}
{"content": "The second petitioner was allegedly subjected to physical assault and certain other offences including theft, mischief by certain other persons described as anti-social elements on 17.10.2013, the incident becoming subject matter of First Information Report (FIR) no.232/2013 of police station Nabi Karim involving offences punishable under Sections 379, 147, 148, 149, 427, 308, 34 IPC ", "annotation": [{"label": ["Act"], "points": [{"text": "Sections 379, 147, 148, 149, 427, 308, 34 IPC", "start": 341, "end": 385}]}]}
{"content": "Transfer, invoking Section 24 of the Code of Civil Procedure, 1908 (CPC), is sought of Suit No.233/2015 titled Virender Mohan Singh Vs. Ravinder Singh Bagga of the Court of Civil Judge, Tis Hazari Courts, Delhi to the Court of Additional District Judge, Tis Hazari Courts, Delhi where Suit No.609932/2016 tilted Ravinder Singh Bagga Vs. Virender Mohan Singh is pending ", "annotation": [{"label": ["Act"], "points": [{"text": "Section 24 of the Code of Civil Procedure, 1908", "start": 19, "end": 65}]}]}
{"content": "This Regular Second Appeal under Section 100 of the Code of Civil Procedure, 1908 (CPC) is filed by the plaintiff/Vijaya Bank impugning the concurrent judgments of the courts below; of the trial court dated 21.3.2006 and the first appellate court dated 15.5.2017; by which the courts below have allowed the application under Section 144 CPC filed by the respondents/defendants ", "annotation": [{"label": ["Act"], "points": [{"text": "Section 100 of the Code of Civil Procedure, 1908", "start": 33, "end": 80}]}]}
{"content": "Under Section 171 of the Indian Contract Act, 1872 a bank has a general lien with respect to monies available in its hands for the dues payable by the person whose monies are with the bank ", "annotation": [{"label": ["Act"], "points": [{"text": "Section 171 of the Indian Contract Act, 1872", "start": 6, "end": 49}]}]}
{"content": "The present is a Second Motion Petition filed jointly by the following Companies under Sections 391(2) & 394 of the Companies Act, 1956 (hereafter referred to as “the Act”) ", "annotation": [{"label": ["Act"], "points": [{"text": "Sections 391(2) & 394 of the Companies Act, 1956", "start": 87, "end": 134}]}]}
{"content": "It has been averred on behalf of the Petitioner Companies that there are no proceedings pending against them, under Section 394(1) of the Act ", "annotation": [{"label": ["Act"], "points": [{"text": "Section 394(1) of the Act", "start": 116, "end": 140}]}]}
{"content": "Section 134 of the Trade Marks Act and Section 62 of the Copyright Act do not take away right of the plaintiff to institute the suit by resort to Section 20 of the CPC as Section 134 of the Trade Marks Act and Section 62 of the Copyright Act rovide an additional forum to the plaintiff alleging infringement of the registered trademark or copyright, as the case may be ", "annotation": [{"label": ["Act"], "points": [{"text": "Section 134 of the Trade Marks Act", "start": 0, "end": 33}, {"start": 171, "end": 204, "text": "Section 134 of the Trade Marks Act"}]}, {"label": ["Act"], "points": [{"text": "Section 62 of the Copyright Act", "start": 39, "end": 69}, {"start": 210, "end": 240, "text": "Section 62 of the Copyright Act"}]}, {"label": ["Act"], "points": [{"text": "Section 20 of the CPC", "start": 146, "end": 166}]}]}
{"content": "The incorporation of inherent power under Section 482 Cr.P.C. is meant to deal with the situation in the absence of express provision of law to secure the ends of justice such as, where the process is abused or misused ", "annotation": [{"label": ["Act"], "points": [{"text": "Section 482 Cr.P.C.", "start": 42, "end": 60}]}]}
{"content": "Accordingly, this petition is allowed and FIR No.422/2013 dated 01.08.2013, under Sections 498-A/406/34 IPC egistered at Police Station Dabri and the proceedings emanating therefrom are quashed against the petitioners ", "annotation": [{"label": ["Act"], "points": [{"text": "Sections 498-A/406/34 IPC", "start": 82, "end": 106}]}]}
{"content": "This is an appeal under Section 19 of the Family Court Act gainst the order dated 07.06.2018 and order dated 23.07.2018 seeks review passed by the family court ", "annotation": [{"label": ["Act"], "points": [{"text": "Section 19 of the Family Court Act", "start": 24, "end": 57}]}]}
{"content": "The necessary facts to be noticed for disposal of this writ petition are that Section 4 notification of the Land Acquisition Act, 1894 (hereinafter referred to as „the Act‟) was issued on 24.10.1961 ", "annotation": [{"label": ["Act"], "points": [{"text": "Section 4 notification of the Land Acquisition Act, 1894", "start": 78, "end": 133}]}]}
{"content": "The counsel for the petitioners submits that since the compensation has not been tendered nor possession of the land has been taken over, the petitioner would be entitled to a declaration and compensation under Section 24 (2) of the Fair Compensation and Transparency in Land Acquisition, Rehabilitation and Resettlement Act, 2013 (hereinafter referred to as “the New Act”) ", "annotation": [{"label": ["Act"], "points": [{"text": "Section 24 (2) of the Fair Compensation and Transparency in Land Acquisition, Rehabilitation and Resettlement Act, 2013", "start": 211, "end": 329}]}]}
{"content": "We have, therefore, no hesitation in holding that the subject land acquisition proceedings shall be deemed to have lapsed under Section 24(2) of the 2013 Act ", "annotation": [{"label": ["Act"], "points": [{"text": "Section 24(2) of the 2013 Act", "start": 128, "end": 156}]}]}
{"content": "This joint Petition filed has been filed under Sections 391(1), 393 and 394 read with Sections 100 to 103 of the Companies Act, 1956 (hereinafter referred to as the ‘Act,) by the Petitioners seeking sanction of this Court to the proposed Scheme of Arrangement and Demerger (hereinafter referred to as the ‘proposed scheme,) between Giesecke & Devrient India Private Limited (hereinafter referred to as the ‘Demerged Company,) and Giesecke & Devrient MS India Private Limited (hereinafter referred to as the ‘Resulting Company,) ", "annotation": [{"label": ["Act"], "points": [{"text": "Sections 391(1), 393", "start": 47, "end": 66}]}, {"label": ["Act"], "points": [{"text": "394 read with Sections 100 to 103 of the Companies Act, 1956", "start": 72, "end": 131}]}]}
{"content": "The petitioners seek quashing of FIR No. 173 of 2009 under Sections 498A/406/34 of the IPC at Police Station CAW Cell, Nanak Pura, New Delhi, based on a settlement ", "annotation": [{"label": ["Act"], "points": [{"text": "Sections 498A/406/34 of the IPC", "start": 59, "end": 89}]}]}
{"content": "This Regular Second Appeal under Section 100 of the Code of Civil Procedure, 1908 (CPC) is filed by the plaintiff in the suit impugning the concurrent judgments of the courts below ", "annotation": [{"label": ["Act"], "points": [{"text": "Section 100 of the Code of Civil Procedure, 1908", "start": 33, "end": 80}]}]}
{"content": "In the light of the aforesaid, this Court is of the view that notwithstanding the fact the offence under Section 498A IPC s a non- compoundable offence, there should be no impediment in quashing the FIR under this section, if the Court is otherwise satisfied that the facts and circumstances of the case so warrant ", "annotation": [{"label": ["Act"], "points": [{"text": "Section 498A IPC", "start": 105, "end": 120}]}]}
{"content": "Accordingly, this petition is allowed and FIR No.188/2012 dated 22.08.2012, under Sections 498-A/406/34 IPC registered at Police Station Chhawala and the proceedings emanating therefrom are quashed against the petitioners ", "annotation": [{"label": ["Act"], "points": [{"text": "Sections 498-A/406/34 IPC", "start": 82, "end": 106}]}]}
{"content": "Petitioners seek anticipatory bail in FIR No. 56/2018 Sections 354/354-B/354-D/34 of the Indian Penal Code, 1860, Police Station Chandni Mahal, Delhi. Section 8 of the POCSO Act was also added in respect of petitioner/applicant – Inder ", "annotation": [{"label": ["Act"], "points": [{"text": "Sections 354/354-B/354-D/34 of the Indian Penal Code, 1860,", "start": 54, "end": 112}]}]}
{"content": "The first appellate court has rightly relied upon the judgment in RSA No. 404/2015 as judgment as to title of an immovable property, though not between parties to the present/subject suit, is relevant as per Section 13 of the Indian Evidence Act, 1872 and the judgments of the Supreme Court on Section 13 of the Indian Evidence Act, 1872 ", "annotation": [{"label": ["Act"], "points": [{"text": "Section 13 of the Indian Evidence Act, 1872", "start": 208, "end": 250}]}]}
{"content": "judgment is very much admissible in evidence to show assertion of title inasmuch as the judgment is a transaction pertaining to the subject matter of the dispute under ection 13 of the Indian Evidence Act, 1872 ", "annotation": [{"label": ["Act"], "points": [{"text": "ection 13 of the Indian Evidence Act, 1872", "start": 168, "end": 209}]}]}
{"content": "The petitioner has filed the present arbitration petition under the provisions of Section 11 of the Arbitration and Conciliation Act, 1996 for appointment of an Arbitrator for adjudication of the disputes having arisen between the parties ", "annotation": [{"label": ["Act"], "points": [{"text": "Section 11 of the Arbitration and Conciliation Act, 1996", "start": 82, "end": 137}]}]}
{"content": "The Adjudicating Authority by order dated 25 th March, 2015 had confirmed the above said Provisional Attachment Order under Section 5(3) of the Act ", "annotation": [{"label": ["Act"], "points": [{"text": "Section 5(3) of the Act", "start": 124, "end": 146}]}]}
{"content": "The present petition under Section 482 of the Code of Criminal Procedure, 1973 (hereinafter shall be referred to as the “Cr.P.C.”) has been filed by the petitioners for quashing of order dated 02.05.2009 passed by the learned Additional Rent Controller, Rohini Courts, Delhi vide which the petitioners have been summoned as accused persons ", "annotation": [{"label": ["Act"], "points": [{"text": "Section 482 of the Code of Criminal Procedure, 1973", "start": 27, "end": 77}]}]}
{"content": "Ld. Counsel further submitted that in statement under Section 164 Cr.P.C. ", "annotation": [{"label": ["Act"], "points": [{"text": "Section 164 Cr.P.C.", "start": 54, "end": 72}]}]}
{"content": "he petitioner, by this petition under Section 11 of the Arbitration & Conciliation Act, 1996 (hereinafter referred to as ‘the Act,), seeks appointment of a Sole Arbitrator. ", "annotation": [{"label": ["Act"], "points": [{"text": "Section 11 of the Arbitration & Conciliation Act, 1996", "start": 38, "end": 91}]}]}
{"content": "The petitioner, by this petition, seeks appointment of an Arbitrator under Section 11 of the Arbitration & Conciliation Act, 1996 (hereinafter referred to as ‘the Act,) ", "annotation": [{"label": ["Act"], "points": [{"text": "Section 11 of the Arbitration & Conciliation Act, 1996", "start": 75, "end": 128}]}]}
{"content": "This argument has also been rejected by the trial court as meaningless in terms of the detailed discussion in para 26 of the impugned judgment holding that the provision of Section 346 of Delhi Municipal Corporation Act, 1957 does not bar transfer of a property/execution of the Sale Deed without there being a completion certificate ", "annotation": [{"label": ["Act"], "points": [{"text": "Section 346 of Delhi Municipal Corporation Act, 1957", "start": 173, "end": 224}]}]}
{"content": "he urged that defendants no.1 and 2 could possibly not have transferred 1st floor portion to him without the requisite „completion certificate‟ as contemplated in section 346, Delhi Municipal Corporation Act (for short „DMC Act‟) ", "annotation": [{"label": ["Act"], "points": [{"text": "section 346, Delhi Municipal Corporation Act", "start": 163, "end": 206}]}]}
{"content": "ARN Infrastructures India Ltd. has filed these two writ petitions against the Income Tax Department („the Department‟) assailing the assumption of jurisdiction under Section 153C of the Income Tax Act, 1961 („the Act‟) by the Respondent, Assistant Commissioner of Income-Tax, Central Circle-28, by issuing the impugned notice dated 23 rd July, 2014 and proceeding thereafter to pass an order dated 18 th March, 2016 proposing to frame an assessment for the Assessment Years („AYs‟) 2007-08 to 2012-13 ", "annotation": [{"label": ["Act"], "points": [{"text": "Section 153C of the Income Tax Act, 1961", "start": 166, "end": 205}]}]}
{"content": "Since Part-II of the Act would not apply the application filed by Doosan Indian under Section 45 of the Act is not maintainable ", "annotation": [{"label": ["Act"], "points": [{"text": "Section 45 of the Act", "start": 86, "end": 106}]}]}
{"content": "Rebutting the arguments on behalf of GMR Energy that the parties being Indian entities, the arbitration between them cannot be construed as an International arbitration under Section 2 (1) (f) of the Arbitration Act and they cannot choose a foreign seat of arbitration as the same would contravene Section 28 of the Act ", "annotation": [{"label": ["Act"], "points": [{"text": "Section 2 (1) (f) of the Arbitration Act", "start": 175, "end": 214}]}, {"label": ["Act"], "points": [{"text": "Section 28 of the Act", "start": 298, "end": 318}]}]}
{"content": "Undoubtedly the decision of Madhya Pradesh High Court in Sasan Power (Supra) and the Supreme Court in Sasan Power Ltd. (supra) was rendered pre amendment to Section 2(1)(f) of the Arbitration Act however, needless to note that even in the present case, the agreements between the parties are prior to 23 rd October, 2015 i.e. pre-amendment to Section 2 (1) (f) of the Arbitration Act ", "annotation": [{"label": ["Act"], "points": [{"text": "Section 2(1)(f) of the Arbitration Act", "start": 157, "end": 194}]}, {"label": ["Act"], "points": [{"text": "Section 2 (1) (f) of the Arbitration Act", "start": 343, "end": 382}]}]}
{"content": "the Court had observed that a party to an arbitration agreement has to be a party to the judicial proceedings and then alone it will fall within the ambit of Section 2(h) of the 1996 Act ", "annotation": [{"label": ["Act"], "points": [{"text": "Section 2(h) of the 1996 Act", "start": 158, "end": 185}]}]}
{"content": "The present Regular First Appeal, under Section 96 of the Code of Civil Procedure, 1908 read with Section 10 of the Delhi High Court Act, 1966 . Any communication/ correspondence on behalf of the plaintiff in absence of any subsequent acknowledgment by the defendant within the meaning of Section 18(1) of the Act is irrelevant ", "annotation": [{"label": ["Act"], "points": [{"text": "Section 96 of the Code of Civil Procedure, 1908", "start": 40, "end": 86}]}, {"label": ["Act"], "points": [{"text": "Section 10 of the Delhi High Court Act, 1966", "start": 98, "end": 141}]}, {"label": ["Act"], "points": [{"text": "Section 18(1) of the Act is irrelevant", "start": 289, "end": 326}]}, {"label": [""], "points": [{"text": ".", "start": 143, "end": 143}]}]}
{"content": "The legal permissibility of referring a complaint cases under Section 138 of the NI Act for amicable settlement through mediation ", "annotation": [{"label": ["Act"], "points": [{"text": "Section 138 of the NI Act for amicable settlement through mediation", "start": 62, "end": 128}]}]}
{"content": "Consequently, the order dated 13 th of January 2016 was passed making the aforestated reference under Section 395 of the Cr.P.C. to this court ", "annotation": [{"label": ["Act"], "points": [{"text": "under Section 395 of the Cr.P.C. to this court", "start": 96, "end": 141}]}]}
{"content": "Let us also examine Section 89 of the Code of Civil Procedure, 1908 (“CPC” hereafter),relevant statutory provisions whereof also prescribe alternate dispute resolution mechanisms ", "annotation": [{"label": ["Act"], "points": [{"text": "Section 89 of the Code of Civil Procedure, 1908", "start": 20, "end": 66}]}]}
{"content": "The appellant Smt. Dayawati (“complainant” hereafter) filed a complaint under Section 138 of the NI Act complaining that the respondent Shri Yogesh Kumar Gosain herein (“respondent” hereafter) had a liability of ` 55,99,600/- towards her as on 7 th April, 2013 as recorded in a regular ledger account for supply of fire-fighting goods and equipment to the respondent on different dates and different quantities ", "annotation": [{"label": ["Act"], "points": [{"text": "Section 138 of the NI Act", "start": 78, "end": 102}]}]}
{"content": "The provisions of Sections 357, 421, 431 of the Cr.P.C. which enable the court to direct payments of monetary amounts and enable recovery thereof, by the trial courts also may be extracted and read as follows ", "annotation": [{"label": ["Act"], "points": [{"text": "Sections 357, 421, 431 of the Cr.P.C.", "start": 18, "end": 54}]}]}
{"content": "We have found that, though the Code of Civil Procedure contains a specific provision in Section 89 of the C.P.C. enabling reference of matters to alternate dispute redressal, however, so far as criminal cases are concerned ", "annotation": [{"label": ["Act"], "points": [{"text": "Section 89 of the C.P.C.", "start": 88, "end": 111}]}]}
{"content": "He relies on a decision of the Supreme Court in the case of Tomaso Bruno and Anr. v. State of Uttar Pradesh [(2015) 7 SCC 178], in support of his contention that, as per Section 114 of the Indian Evidence Act, 1872 if a party who possesses the best evidence which will throw light on the issue in controversy withholds such evidence, then the Court may draw an adverse inference against him/her, notwithstanding the fact that onus of proving the concerned fact does not lie on him/her ", "annotation": [{"label": ["Act"], "points": [{"text": "Section 114 of the Indian Evidence Act, 1872", "start": 170, "end": 213}]}]}
{"content": "In all these writ petitions under Article 226 of the Constitution of India, one prayer is for a declaration that the second proviso to Section 5 (1) of the Prevention of Money-laundering Act, 2002 (PMLA) is ultra vires Article 14 of the Constitution of India ", "annotation": [{"label": ["Act"], "points": [{"text": "Section 5 (1) of the Prevention of Money-laundering Act, 2002", "start": 135, "end": 195}]}]}
{"content": "It is well-established that non-working (especially in case of a patent for a pharmaceutical product) cannot have a bearing on the rights of a patentee under Section 48 of the Patents Act, 1970 ", "annotation": [{"label": ["Act"], "points": [{"text": "Section 48 of the Patents Act, 1970", "start": 158, "end": 192}]}]}
{"content": "During the course of hearing dated 21 st December, 2018 and 14 th January, 2019, this Court examined the officers of the defendants on oath in exercise of the power under Section 165 of the Indian Evidence Act ", "annotation": [{"label": ["Act"], "points": [{"text": "Section 165 of the Indian Evidence Act", "start": 171, "end": 208}]}]}
{"content": "The second portion of clause (6) printed in italics above was enacted and incorporated by Section 3 of the Constitution (First Amendment) Act, 1951 ", "annotation": [{"label": ["Act"], "points": [{"text": "Section 3 of the Constitution (First Amendment) Act, 1951", "start": 90, "end": 146}]}]}
{"content": "Udai Singh Dagar and Others (supra) was a case relating to challenge to constitutional validity on applicability of the provisions of Section 30 of the Indian Veterinary Council Act, 1984 relating to right of persons to be enrolled in the Indian Veterinary Practioners‘ Register, as persons having diploma or certificates recognized by State of Maharashtra and some other States had been divested of their right to practice under the Central Act ", "annotation": [{"label": ["Act"], "points": [{"text": "Section 30 of the Indian Veterinary Council Act, 1984", "start": 134, "end": 186}]}]}
{"content": "The opening words of Section 33 of the Act while empowering the MCI to make Regulations requires that these shall be made with previous sanction of the Central Government ", "annotation": [{"label": ["Act"], "points": [{"text": "Section 33 of the Act", "start": 21, "end": 41}]}]}
{"content": "We would also like to record that some of the counsels for the petitioners had relied upon Section 19A of the Act to contend that the amendments made should have been circulated and approved by the State Governments ", "annotation": [{"label": ["Act"], "points": [{"text": "Section 19A of the Act", "start": 91, "end": 112}]}]}
{"content": "The aforenoted amendments are stated to have been brought about following receipt of various grievances at various forums demanding Rules under Section 22 (2) of the Act ", "annotation": [{"label": ["Act"], "points": [{"text": "Section 22 (2) of the Act", "start": 144, "end": 168}]}]}
{"content": "petitioners herein are minor children under Section 2 of the Act and hence beyond the scope of this Act ", "annotation": [{"label": ["Act"], "points": [{"text": "Section 2 of the Act", "start": 44, "end": 63}]}]}
{"content": "Section 157 (2) of the ITBP Act stated that all members of the ITBP in existence as of that date were deemed to have been appointed/enrolled under the ITBP Act ", "annotation": [{"label": ["Act"], "points": [{"text": "stated that all members of the ITBP in existence as of that date were deemed to have been appointed/enrolled under the ITBP Act", "start": 32, "end": 158}]}]}
{"content": "Explaining the decision in Subramanian Swamy v. CBI (supra) where the Supreme Court examined whether Section 6-A (1) of the Prevention of Corruption Act, 1988 was constitutionally valid inasmuch as it required approval of the Central Government for conduct of an inquiry or investigation into an offence alleged to have been committed under the PC Act by employees of the Central Government of the level of Joint Secretary and above and officers appointed by the Central Government corporations established by or under the Central Act, Government Companies, Societies etc ", "annotation": [{"label": ["Act"], "points": [{"text": "Section 6-A (1) of the Prevention of Corruption Act, 1988", "start": 101, "end": 157}]}]}
{"content": "it was not possible for the Nigam to take an administrative decision, acting under Section 15 (1) of the U.P. Water Supply and Sewerage Act, 1975 pursuant to the directions of the State Government in the matter of a policy issue under Section 89 of the Act and direct that enhanced age of superannuation of 60 years applicable to the government servants shall not apply to employees of Nigam ", "annotation": [{"label": ["Act"], "points": [{"text": "Section 15 (1) of the U.P. Water Supply and Sewerage Act, 1975", "start": 83, "end": 144}]}, {"label": ["Act"], "points": [{"text": "Section 89 of the Act", "start": 235, "end": 255}]}]}
{"content": "It was argued that medical relief by itself is regarded in law as a charitable activity because of ection 2(15) of the Income Tax Act as well as Section 2 of the Charitable Endowments Act, 1890 ", "annotation": [{"label": ["Act"], "points": [{"text": "ection 2(15) of the Income Tax Act", "start": 99, "end": 132}]}, {"label": ["Act"], "points": [{"text": "Section 2 of the Charitable Endowments Act, 1890", "start": 145, "end": 192}]}]}
{"content": "Moreover, every payment / consideration flowing from the lessee to the lessor cannot be termed as premium or price, within the meaning of ection 105 of the Transfer of Property Act ", "annotation": [{"label": ["Act"], "points": [{"text": "ection 105 of the Transfer of Property Act", "start": 138, "end": 179}]}]}
{"content": "This Court is also of the opinion that apart from the clear intention of the terms of the lease deed, the Appellant is also precluded by reason of Section 116 of the Evidence Act from questioning the nature of the transaction, as it would amount to disputing the landlord‟ title . Consequently, FIR No.106/2012 registered at Police Station Mangolpuri, Delhi, for the offences punishable under Sections 498A/406/34 IPC and all proceedings emanating therefrom are hereby quashed qua the petitioners ", "annotation": [{"label": ["Act"], "points": [{"text": "Section 116 of the Evidence Act", "start": 147, "end": 177}]}, {"label": ["Act"], "points": [{"text": ".", "start": 280, "end": 280}]}, {"label": ["Act"], "points": [{"text": "Sections 498A/406/34 IPC", "start": 394, "end": 417}]}]}
{"content": "The criminal case (CC No.18/2010) from which these three petitions arise was registered on the basis of report(s) submitted under Section 173 of the Code of Civil Procedure, 1973 (Cr.P.C.) – hereinafter referred to as “the case of ACB” – in relation to First Information Report (FIR) No.34/2008 ", "annotation": [{"label": ["Act"], "points": [{"text": "Section 173 of the Code of Civil Procedure, 1973", "start": 130, "end": 177}]}]}
{"content": "the then Assistant Commissioner of Police (ACP), the former (PW-1) being the authority which had granted the sanction for prosecution of A1, A2 and A3 on 18.07.2014 under Sections 19 of POC Act, 1988 and the latter (PW-2) being the investigating officer of the case of ACB at the relevant point of time ", "annotation": [{"label": ["Act"], "points": [{"text": "Sections 19 of POC Act, 1988", "start": 171, "end": 198}]}]}
{"content": "On or about 29.09.2007, a person named Vijay Singh Yadav @ Vijji was shot dead in Gali Arya Samaj Bazar, Sita Ram Delhi, the said incident becoming subject matter of FIR No.356/2007, under Section 302 IPC of Police Station Hauz Qazi, Delhi – hereinafter referred to as “the case of murder” – in which one Abhay Yadav is stated to be the complainant ", "annotation": [{"label": ["Act"], "points": [{"text": "Section 302 IPC", "start": 189, "end": 203}]}]}
{"content": "On 01.08.2008, FIR No.68/2008 was registered in Police Hauz Qazi, Delhi against Gopal Krishan Aggarwal and others for offence under Section 3 of Maharashtra Control of Organized Crime Act, 1999 (MCOCA) ", "annotation": [{"label": ["Act"], "points": [{"text": "Section 3 of Maharashtra Control of Organized Crime Act, 1999", "start": 132, "end": 192}]}]}
{"content": "On 06.03.2010, A1 moved an application, A2 and A3 also filing similar applications, challenging the first sanction order for prosecution granted on 09.02.2009 under Section 19 of POC Act ", "annotation": [{"label": ["Act"], "points": [{"text": "Section 19 of POC Act", "start": 165, "end": 185}]}]}
{"content": "if there is a “reasonable connection” between the impugned act and the performance of the official duty, the protective umbrella of Section 197 Cr.P.C. cannot be denied o long as the discharge of official duty is not used as a cloak for illicit acts ", "annotation": [{"label": ["Act"], "points": [{"text": "Section 197 Cr.P.C.", "start": 132, "end": 150}]}]}
{"content": "This led to the registration of FIR No. 204/1987 at PS Civil Lines, Meerut under Sections 147, 148, 149, 302, 307, 347, 436 and 336 of the Indian Penal Code (IPC) ", "annotation": [{"label": ["Act"], "points": [{"text": "Sections 147, 148, 149, 302, 307, 347, 436", "start": 81, "end": 122}]}, {"label": ["Act"], "points": [{"text": "336 of the Indian Penal Code", "start": 128, "end": 155}]}]}
{"content": "Their guilt for the offence of criminal conspiracy punishable under Section 120-B IPC , and pursuant thereto committing the offence of abduction punishable under Section 364 IPC  and murder punishable under Section 302 IPC ", "annotation": [{"label": ["Act"], "points": [{"text": "Section 120-B IPC", "start": 68, "end": 84}]}, {"label": ["Act"], "points": [{"text": "Section 364 IPC", "start": 162, "end": 176}]}, {"label": ["Act"], "points": [{"text": "Section 302 IPC", "start": 207, "end": 221}]}]}
{"content": "It is further pointed out that prior to passing of the impugned order and post passing of the impugned order, the appellant/husband had been appearing on almost every date of hearing before the Family Court, in the proceedings pending under Section 125 of the Code of Criminal Procedure (Cr.P.C) and also in an another petition filed by the appellant on the ground of desertion ", "annotation": [{"label": ["Act"], "points": [{"text": "Section 125 of the Code of Criminal Procedure", "start": 241, "end": 285}]}]}
{"content": "Upon hearing and on perusal of impugned Award, evidence on record and the decisions cited, I find that it is not the case of Claimants that deceased herein were travelling in the cabin of the insured vehicle. Supreme Court in National Insurance Co. Ltd. Vs. Cholleti Bharatamma & Ors. (2008) 1 SCC 423 has declared that the owner of the goods must travel in the cabin of the vehicle and not with the goods to claim protection under Section 147 of The Motor Vehicle Act, 1988 ", "annotation": [{"label": ["Act"], "points": [{"text": "Section 147 of The Motor Vehicle Act, 1988", "start": 432, "end": 473}]}]}
{"content": "The operative order of the DB in W.P.(C) No. 4789/1995 quashed the notification dated 10 th January 1997 under Section 6 of the LAA leaving it open to the Respondents to take such appropriate action ", "annotation": [{"label": ["Act"], "points": [{"text": "Section 6 of the LAA", "start": 111, "end": 130}]}]}
{"content": "We also find ourselves in complete agreement with the reasoning given by the learned Trial Court to hold appellant Ashish @ Kali guilty of the offence punishable under Section 302 IPC ", "annotation": [{"label": ["Act"], "points": [{"text": "Section 302 IPC", "start": 168, "end": 182}]}]}
{"content": "The last portion of the record of proceedings before the SFC is titled „sentence by Court‟. While Suresh Kumar was awarded the punishment of dismissal from service, each of the three Petitioners was awarded punishment of “removal from service under Section 51 (1) (c) of the SSB Act, 2007 ", "annotation": [{"label": ["Act"], "points": [{"text": "Section 51 (1) (c) of the SSB Act, 2007", "start": 249, "end": 287}]}]}
{"content": "Having regard to this circumstance, we are of the opinion that the consequences spelt out in Section 87 of the Act ", "annotation": [{"label": ["Act"], "points": [{"text": "Section 87 of the Act", "start": 93, "end": 113}]}]}
{"content": "The statement of the victim was also got recorded before the learned Magistrate under Section 164 Cr.P.C. Upon completion of investigation ", "annotation": [{"label": ["Act"], "points": [{"text": "Section 164 Cr.P.C.", "start": 86, "end": 104}]}]}
{"content": "Section 35 of the Indian Evidence Act, 1872 (the Evidence Act) states that “An entry in any public or other official book, register or record or an electronic record, stating a fact in issue or relevant fact, and made by a public servant in the discharge of his official duty, or by any other person in performance of a duty specially enjoined by the law of the country in which such book, register, or record or an electronic record is kept, is itself a relevant fact ", "annotation": [{"label": ["Act"], "points": [{"text": "(the Evidence Act) states that “An entry in any public or other official book, register or record or an electronic record, stating a fact in issue or relevant fact, and made by a public servant in the discharge of his official duty, or by any other person in performance of a duty specially enjoined by the law of the country in which such book, register, or record or an electronic record is kept, is itself a relevant fact", "start": 44, "end": 467}]}]}
{"content": "A document is admissible under Section 35 of the Evidence Act, 1872 (hereinafter called as ―the Evidence Act‖) being a public document if prepared by a government official in the exercise of his official duty ", "annotation": [{"label": ["Act"], "points": [{"text": "Section 35 of the Evidence Act, 1872", "start": 31, "end": 66}]}]}
{"content": "The Supreme Court referred to Section 35 of the Evidence Act, 1872 ", "annotation": [{"label": ["Act"], "points": [{"text": "Section 35 of the Evidence Act, 1872", "start": 30, "end": 65}]}]}
{"content": "Even when the case of the prosecution along with the evidence brought on record was put to the accused while recording his statement under Section 313 Cr.P.C., and the date of birth of the victim was squarely put to him as 16.06.2003 on the basis of the school record ", "annotation": [{"label": ["Act"], "points": [{"text": "Section 313 Cr.P.C.,", "start": 139, "end": 158}]}]}
{"content": "The appellant by the present appeal under Section 37 of the Arbitration and Conciliation Act, 1996 (hereinafter referred to as the Act) impugns order of the Arbitral Tribunal dated 27.02.2017 fixing the fee schedule ", "annotation": [{"label": ["Act"], "points": [{"text": "Section 37 of the Arbitration and Conciliation Act, 1996", "start": 42, "end": 97}]}]}
{"content": "As per the procedure laid down in the BCI Rules, once the members of the State Bar Councils are elected under Section 8 of the Act , the State Bar Councils are required to hold a „first meeting‟ of its newly elected members for conducting elections to the various posts and committees of the said Councils ", "annotation": [{"label": ["Act"], "points": [{"text": "Section 8 of the Act", "start": 110, "end": 129}]}]}
{"content": "In accordance with Rule 2, the notice and agenda of the first meeting may include an agenda for the election of a member of the State Bar Council to the BCI under section 4(1)(c) of the Act , which election in any case is to be held not later than 30 days after the „first meeting‟ of the State Bar Council ", "annotation": [{"label": ["Act"], "points": [{"text": "section 4(1)(c) of the Act", "start": 163, "end": 188}]}]}
{"content": "ingle Judge that reasoning of the arbitral award in this regard was based on no material and was contrary to the contract, cannot be said to be deserving of any interference at our hands under Section 37 of the Act ", "annotation": [{"label": ["Act"], "points": [{"text": "Section 37 of the Act", "start": 193, "end": 213}]}]}
{"content": "The captioned interlocutory application represents objections filed on behalf of the defendant i.e. NHPC Limited (hereafter referred to as „NHPC‟) under Sections 30 & 33 of the Arbitration Act, 1940 (in short “1940 Act”) ", "annotation": [{"label": ["Act"], "points": [{"text": "Sections 30", "start": 153, "end": 163}]}, {"label": ["Act"], "points": [{"text": "33 of the Arbitration Act, 1940", "start": 167, "end": 197}]}]}
{"content": "The suit is filed under Section 14 of the 1940 Act with a prayer that a direction be issued to the learned Arbitrator to file the Award in Court and to take up the objections filed ", "annotation": [{"label": ["Act"], "points": [{"text": "Section 14 of the 1940 Act", "start": 24, "end": 49}]}]}
{"content": "Counsel for the petitioners says that since the petitioners do not wish to revive ISBL, they would take steps under Section 248 (2) of the Companies Act, 2013 in consonance with the directives contained in Sandeep Singh (supra) ", "annotation": [{"label": ["Act"], "points": [{"text": "Section 248 (2) of the Companies Act, 2013", "start": 116, "end": 157}]}]}
{"content": "Did the ITAT fall into error in holding that the satisfaction recorded under Section 153C of the Income Tax Act, 1961 was not in compliance with the provisions of the Act and furthermore that the material discovered during the search in the circumstances of the case did not belong to the assesse/respondent ", "annotation": [{"label": ["Act"], "points": [{"text": "Section 153C of the Income Tax Act, 1961", "start": 77, "end": 116}]}]}
{"content": "The sanction under Section 19 of P.C.Act was accorded to prosecute the accused person ", "annotation": [{"label": ["Act"], "points": [{"text": "Section 19 of P.C.Act", "start": 19, "end": 39}]}]}
{"content": "In the face of evidence on record, I find that the conviction of appellants-accused with the aid of Section 120B IPC for the offence in question cannot be sustained. So far as conviction of appellants-accused ", "annotation": [{"label": ["Act"], "points": [{"text": "Section 120B IPC", "start": 100, "end": 115}]}]}
{"content": "Learned Sessions Judge, Dwarka Court is directed to withdraw the case FIR No.249/2016 under Sections 493/495/376/377/506/34 IPC ", "annotation": [{"label": ["Act"], "points": [{"text": "Sections 493/495/376/377/506/34 IPC", "start": 92, "end": 126}]}]}
{"content": "it is now not open to the counsel for Vinod Kumar Sachdeva group to contend that good faith in the matter of execution of Settlement Agreement dated 16 th March, 2016 is required to be established by evidence under Section 111 of the Evidence Act ", "annotation": [{"label": ["Act"], "points": [{"text": "Section 111 of the Evidence Act", "start": 215, "end": 245}]}]}
{"content": "citing with approval M. Gandhi,s book on ‘Equity, Trusts and Specific Relief, authoring that Section 88 of the Indian Trusts Act applies to a Director of a company ", "annotation": [{"label": ["Act"], "points": [{"text": "Section 88 of the Indian Trusts Act", "start": 93, "end": 127}]}]}
{"content": "Per Section 3 of the Indian Trusts Act, 1882 a ‘trust, is an obligation annexed to the ownership of property, and arising out of a confidence reposed in and accepted by the owner, or declared and accepted by him, for the benefit of another, or of another and the owner ", "annotation": [{"label": [""], "points": [{"text": "Per", "start": 0, "end": 2}]}, {"label": ["Act"], "points": [{"text": "a ‘trust, is an obligation annexed to the ownership of property, and arising out of a confidence reposed in and accepted by the owner, or declared and accepted by him, for the benefit of another, or of another and the owner", "start": 45, "end": 267}]}]}
{"content": "By way of the present petition filed under Section 482 of the Code of Criminal Procedure, 1973 petitioners seek directions thereby quashing of FIR No.293/2010 registered at Police Station - Shahdara, Delhi, for the offences punishable under Sections 498A/406/34 IPC and the consequential proceedings emanating therefrom against them ", "annotation": [{"label": ["Act"], "points": [{"text": "Section 482 of the Code of Criminal Procedure, 1973", "start": 43, "end": 93}]}]}
{"content": "By virtue of the above four captioned petitions, the petitioners invoke the inherent jurisdiction of this Court under Section 482 of the Code of Criminal Procedure, 1973 read with Article 227 of the Constitution of India, 1950 to set aside the order of framing of charge dated 6 th May, 2014 and 17 th May, 2014 passed by the learned Chief Metropolitan Magistrate in FIR No. 119/97 dated 10 th March, 1997 under  Sections 201/448/471/120-B/34 IPC egistered at Police Station Chitranjan Park, New Delhi, which was upheld by the District and Sessions Judge, South East, Saket Court on 7 th October, 2016 ", "annotation": [{"label": ["Act"], "points": [{"text": "Section 482 of the Code of Criminal Procedure, 1973", "start": 118, "end": 168}]}, {"label": ["Act"], "points": [{"text": " Sections 201/448/471/120-B/34 IPC", "start": 412, "end": 445}]}]}
{"content": "The statement of witnesses under Section 161 Cr.P.C. of Tek Bahadur, Shiv Narain, Sudershan Kumar Chopra and Tilak Singh revealed that on 2 nd March, 1997, the accused persons Rajnish Goenka, B.K. Rana, S.R. Chanan and P.R. Gulati entered into the premises of Sanatan Dharam Greater Kailash-II Sabha and snatched the keys and this way grabbed the seat and encroached the premises of Sanatan Dharam Greater Kailash-II Sabha . The Court had on that occasion, in similar circumstances, noted the nature of Section 9C of the Customs Tariff Act, 1975 and inter alia held as under ", "annotation": [{"label": ["Act"], "points": [{"text": "Section 161 Cr.P.C.", "start": 33, "end": 51}]}, {"label": ["Act"], "points": [{"text": ".", "start": 423, "end": 423}]}, {"label": ["Act"], "points": [{"text": "Section 9C of the Customs Tariff Act, 1975", "start": 503, "end": 544}]}]}
{"content": "By way of the present petition filed under Section 482 of the Code of Criminal Procedure, 1973 , petitioner seeks directions thereby quashing of FIR No.175/2011 registered at Police Station Tilak Nagar, New Delhi, for the offences punishable under Sections 498A/406/34 IPC and the consequential proceedings emanating therefrom against her ", "annotation": [{"label": ["Act"], "points": [{"text": "Section 482 of the Code of Criminal Procedure, 1973", "start": 43, "end": 93}]}]}
{"content": "Consequently, FIR No.175/2011 registered at Police Station Tilak Nagar, New Delhi, for the offences punishable under Sections 498A/406/34 IPC and all proceedings emanating therefrom are hereby quashed against the petitioner ", "annotation": [{"label": ["Act"], "points": [{"text": "Sections 498A/406/34 IPC", "start": 117, "end": 140}]}]}
{"content": "Pension Fund or a Public Financial Institution referred to in section 2(72] of the Companies Act, 2013 ", "annotation": [{"label": ["Act"], "points": [{"text": "section 2(72] of the Companies Act, 2013", "start": 62, "end": 101}]}]}
{"content": "The appellant/ complainant had preferred 17 complaints under Section 138 of the Negotiable Instruments Act (the Act) against the respondent/ accused in respect of 61 dishonoured cheques ", "annotation": [{"label": ["Act"], "points": [{"text": "Section 138 of the Negotiable Instruments Act", "start": 61, "end": 105}]}]}
{"content": "On a perusal of the relevant extracts from the notice issued by the appellant/ complainant under Section 138 of the Act i.e. Ex. CW-1/5, it is evident that the complainant/ appellant specifically claimed that the appellant effected supplies of the products manufactured by it, namely, tyres, tubes and flaps to the accused during the course of business against invoices, details whereof are also set out in the said notice itself ", "annotation": [{"label": ["Act"], "points": [{"text": "Section 138 of the Act", "start": 97, "end": 118}]}]}
{"content": "There was no need or occasion for the complainant to lead any such evidence, in view of the admissions made by the accused in their reply to the legal notice under Section 138 of the NI Act ", "annotation": [{"label": ["Act"], "points": [{"text": "Section 138 of the NI Act", "start": 164, "end": 188}]}]}
{"content": "By way of the present petition filed under Section 482 of the Code of Criminal Procedure, 1973 petitioner seeks quashing of FIR No. 116/2014 registered at Police Station Subzi Mandi for the offences ", "annotation": [{"label": ["Act"], "points": [{"text": "Section 482 of the Code of Criminal Procedure, 1973", "start": 43, "end": 93}]}]}
{"content": "Undisputedly, offence punishable under Section 287 of the IPC non-compoundable, however, considering the facts and circumstances of the case and in exercise of the inherent powers under Section 482 of the Code of Criminal Procedure, 1973 ", "annotation": [{"label": ["Act"], "points": [{"text": "Section 287 of the IPC", "start": 39, "end": 60}]}]}
{"content": "The land for which the present suit has been filed is noted. Further submission that the proceedings under Section 145 of the Cr.P.C. are also indicative only of a possession and not of title i.e. the settled position at law ", "annotation": [{"label": ["Act"], "points": [{"text": "Section 145 of the Cr.P.C.", "start": 107, "end": 132}]}]}
